Workbook

Sheet Lundi
A1: Fiche de gestion quotidienne des repas
A2: Date : | B2: 43752
A4: Maternelle Claus
B6: Standard | C6: Sans porc | D6: Végétarien | E6: Halal | F6: Panier Repas | G6: Ss total
A7: Enfants avec réservation + Enfants Org. Avec réservation | B7: 59 | C7: 17 | D7: 4 | E7: 73 | G7: =SUM(B7:F7) -> 153
A8: Repas supplémentaires | D8: 0 | G8: =SUM(B8:F8) -> 0
A9: Repas solidaires | G9: =SUM(B9:F9) -> 0
A10: Repas enfants à déduire (déplacement) | B10: 10 | C10: 2 | D10: 0 | E10: 16 | G10: =SUM(B10:F10) -> 28
A11: TOTAL | B11: =B7-B10 -> 49 | C11: =C7-C10 -> 15 | D11: =D7+D8+D9-D10 -> 4 | E11: =E7-E10 -> 57 | F11: =SUM(F7:F10) -> 0 | G11: =SUM(B11:F11) -> 125
A13: Encadrement mat + AR + invités gratuits : parts individuelles
B15: Standard | C15: Sans porc | D15: Végétarien | E15: Halal | F15: Panier Repas | G15: Ss total
A16: Encadrement | B16: 7 | C16: 0 | D16: 4 | E16: 5 | G16: =SUM(B16:F16) -> 16
A17: AR | B17: 3 | C17: 0 | D17: 1 | E17: 0 | G17: =SUM(B17:F17) -> 4
A18: Invités (adultes gratuits) | B18: 0 | C18: 0 | D18: 0 | E18: 0 | G18: =SUM(B18:F18) -> 0
A19: Repas encadrement à déduire (déplacement) | B19: 0 | C19: 0 | D19: 2 | E19: 1 | G19: =SUM(B19:F19) -> 3
A20: Total | B20: =B16+B17+B18-B19 -> 10 | C20: =C16+C17+C18-C19 -> 0 | D20: =D16+D17+D18-D19 -> 3 | E20: =E16+E17+E18-E19 -> 4 | G20: =SUM(B20:F20) -> 17
A22: Adultes payants (parent élu, enseignant) maternelle ou élementaire : parts individuelles
B24: St | C24: Sp | D24: V | E24: H | F24: Ss total
A25: Enseignants + parents élus | B25: 0 | C25: 0 | D25: 0 | E25: 0 | F25: =SUM(B25:E25) -> 0
A26: Total | B26: =SUM(B25:B25) -> 0 | C26: =SUM(C25:C25) -> 0 | D26: =SUM(D25:D25) -> 0 | E26: =SUM(E25:E25) -> 0 | F26: =SUM(F25:F25) -> 0
A28: Rouge : extraction de Concerto

Sheet Mardi
A1: Fiche de gestion quotidienne des repas
A2: Date : | B2: 43753
A4: Maternelle Claus
B6: Standard | C6: Sans porc | D6: Végétarien | E6: Halal | F6: Panier Repas | G6: Ss total
A7: Enfants avec réservation + Enfants Org. Avec réservation | B7: 62 | C7: 19 | D7: 2 | E7: 73 | F7: 0 | G7: =SUM(B7:F7) -> 156
A8: Repas supplémentaires | D8: 0 | G8: =SUM(B8:F8) -> 0
A9: Repas solidaires | G9: =SUM(B9:F9) -> 0
A10: Repas enfants à déduire (déplacement) | B10: 10 | C10: 2 | E10: 16 | G10: =SUM(B10:F10) -> 28
A11: TOTAL | B11: =B7-B10 -> 52 | C11: =C7-C10 -> 17 | D11: =D7+D8+D9-D10 -> 2 | E11: =E7-E10 -> 57 | F11: =SUM(F7:F10) -> 0 | G11: =SUM(B11:F11) -> 128
A13: Encadrement mat + AR + invités gratuits : parts individuelles
B15: Standard | C15: Sans porc | D15: Végétarien | E15: Halal | F15: Panier Repas | G15: Ss total
A16: Encadrement | B16: 5 | C16: 0 | D16: 5 | E16: 5 | G16: =SUM(B16:F16) -> 15
A17: AR | B17: 3 | C17: 0 | D17: 1 | E17: 0 | G17: =SUM(B17:F17) -> 4
A18: Invités (adultes gratuits) | B18: 0 | C18: 0 | D18: 0 | E18: 0 | G18: =SUM(B18:F18) -> 0
A19: Repas encadrement à déduire (déplacement) | B19: 0 | C19: 0 | D19: 2 | E19: 1 | G19: 0
A20: Total | B20: =B16+B17+B18-B19 -> 8 | C20: =C16+C17+C18-C19 -> 0 | D20: =D16+D17+D18-D19 -> 4 | E20: =E16+E17+E18-E19 -> 4 | G20: =SUM(B20:F20) -> 16
A22: Adultes payants (parent élu, enseignant) maternelle ou élementaire : parts individuelles
B24: St | C24: Sp | D24: V | E24: H | F24: Ss total
A25: Enseignants + parents élus | B25: 0 | C25: 0 | D25: 0 | E25: 0 | F25: =SUM(B25:E25) -> 0
A26: Total | B26: =SUM(B25:B25) -> 0 | C26: =SUM(C25:C25) -> 0 | D26: =SUM(D25:D25) -> 0 | E26: =SUM(E25:E25) -> 0 | F26: =SUM(F25:F25) -> 0
A28: Rouge : extraction de Concerto

Sheet Jeudi
A1: Fiche de gestion quotidienne des repas
A2: Date : | B2: 43755
A4: Maternelle Claus
B6: Standard | C6: Sans porc | D6: Végétarien | E6: Halal | F6: Panier Repas | G6: Ss total
A7: Enfants avec réservation + Enfants Org. Avec réservation | B7: 65 | C7: 18 | D7: 4 | E7: 68 | F7: 0 | G7: =SUM(B7:F7) -> 155
A8: Repas supplémentaires | D8: 0 | G8: =SUM(B8:F8) -> 0
A9: Repas solidaires | G9: =SUM(B9:F9) -> 0
A10: Repas enfants à déduire (déplacement) | B10: 10 | C10: 2 | E10: 16 | G10: =SUM(B10:F10) -> 28
A11: TOTAL | B11: =B7-B10 -> 55 | C11: =C7-C10 -> 16 | D11: =D7+D8+D9-D10 -> 4 | E11: =E7-E10 -> 52 | F11: =SUM(F7:F10) -> 0 | G11: =SUM(B11:F11) -> 127
A13: Encadrement mat + AR + invités gratuits : parts individuelles
B15: Standard | C15: Sans porc | D15: Végétarien | E15: Halal | F15: Panier Repas | G15: Ss total
A16: Encadrement | B16: 6 | C16: 0 | D16: 5 | E16: 5 | G16: =SUM(B16:F16) -> 16
A17: AR | B17: 3 | C17: 0 | D17: 1 | E17: 0 | G17: =SUM(B17:F17) -> 4
A18: Invités (adultes gratuits) | B18: 0 | C18: 0 | D18: 0 | E18: 0 | G18: =SUM(B18:F18) -> 0
A19: Repas encadrement à déduire (déplacement) | B19: 0 | C19: 0 | D19: 2 | E19: 1 | G19: 0
A20: Total | B20: =B16+B17+B18-B19 -> 9 | C20: =C16+C17+C18-C19 -> 0 | D20: =D16+D17+D18-D19 -> 4 | E20: =E16+E17+E18-E19 -> 4 | G20: =SUM(B20:F20) -> 17
A23: Adultes payants (parent élu, enseignant) maternelle ou élementaire : parts individuelles
B25: St | C25: Sp | D25: V | E25: H | F25: Ss total
A26: Enseignants + parents élus | B26: 0 | C26: 0 | D26: 0 | E26: 0 | F26: =SUM(B26:E26) -> 0
A27: Total | B27: =SUM(B26:B26) -> 0 | C27: =SUM(C26:C26) -> 0 | D27: =SUM(D26:D26) -> 0 | E27: =SUM(E26:E26) -> 0 | F27: =SUM(B27:E27) -> 0
A29: Rouge : extraction de Concerto

Sheet Vendredi
A1: Fiche de gestion quotidienne des repas
A2: Date : | B2: 43756
A4: Maternelle Claus
B6: Standard | C6: Sans porc | D6: Végétarien | E6: Halal | F6: Panier Repas | G6: Ss total
A7: Enfants avec réservation + Enfants Org. Avec réservation | B7: 62 | C7: 19 | D7: 2 | E7: 76 | F7: 0 | G7: =SUM(B7:F7) -> 159
A8: Repas supplémentaires | D8: 0 | G8: =SUM(D8:F8) -> 0
A9: Repas solidaires | D9: 0 | G9: =SUM(D9:F9) -> 0
A10: Repas enfants à déduire (déplacement) | B10: 10 | C10: 2 | E10: 18 | G10: =SUM(B10:F10) -> 30
A11: TOTAL | B11: =B7-B10 -> 52 | C11: =C7-C10 -> 17 | D11: =D7+D8+D9-D10 -> 2 | E11: =E7-E10 -> 58 | F11: =SUM(F7:F10) -> 0 | G11: =SUM(B11:F11) -> 129
A13: Encadrement mat + AR + invités gratuits : parts individuelles
B15: Standard | C15: Sans porc | D15: Végétarien | E15: Halal | F15: Panier Repas | G15: Ss total
A16: Encadrement | B16: 5 | C16: 0 | D16: 4 | E16: 6 | G16: =SUM(B16:F16) -> 15
A17: AR | B17: 3 | C17: 0 | D17: 1 | E17: 0 | G17: =SUM(B17:F17) -> 4
A18: Invités (adultes gratuits) | B18: 0 | C18: 0 | D18: 0 | E18: 0 | G18: =SUM(B18:F18) -> 0
A19: Repas encadrement à déduire (déplacement) | B19: 0 | C19: 0 | D19: 2 | E19: 1 | G19: 0
A20: Total | B20: =B16+B17+B18-B19 -> 8 | C20: =C16+C17+C18-C19 -> 0 | D20: =D16+D17+D18-D19 -> 3 | E20: =E16+E17+E18-E19 -> 5 | G20: =SUM(B20:F20) -> 16
A23: Adultes payants (parent élu, enseignant) maternelle ou élementaire : parts individuelles
B25: St | C25: Sp | D25: V | E25: H | F25: Ss total
A26: Enseignants + parents élus | B26: 0 | C26: 0 | D26: 0 | E26: 0 | F26: =SUM(B26:E26) -> 0
A27: Total | B27: =SUM(B26:B26) -> 0 | C27: =SUM(C26:C26) -> 0 | D27: =SUM(D26:D26) -> 0 | E27: =SUM(E26:E26) -> 0 | F27: =SUM(F26:F26) -> 0
A29: Rouge : extraction de Concerto

Sheet Commande ADR
A1: Fiche de commande de repas A envoyer à l'adresse mail : valerie.schmidt@alsaciennederestauration.fr
A3: RESTAURANT SCOLAIRE : | D3: Camille Claus
A4: NOM de l'agent : | D4: KAVAY William
A5: Période : semaine du | D5: 43752 | F5: au | G5: 43756
A8: Maternelle
A10: Enfants | B10: Lundi | D10: Mardi | F10: Jeudi | H10: Vendredi
A11: Standard | B11: =Lundi!B11 -> 49 | D11: =Mardi!B11 -> 52 | F11: =Jeudi!B11 -> 55 | H11: =Vendredi!B11 -> 52
A12: Sans porc | B12: =Lundi!C11 -> 15 | D12: =Mardi!C11 -> 17 | F12: =Jeudi!C11 -> 16 | H12: =Vendredi!C11 -> 17
A13: Végétarien | B13: =Lundi!D11 -> 4 | D13: =Mardi!D11 -> 2 | F13: =Jeudi!D11 -> 4 | H13: =Vendredi!D11 -> 2
A14: Halal | B14: =Lundi!E11 -> 57 | D14: =Mardi!E11 -> 57 | F14: =Jeudi!E11 -> 52 | H14: =Vendredi!E11 -> 58
A15: Total | B15: =SUM(B11:B14) -> 125 | D15: =SUM(D11:D14) -> 128 | F15: =SUM(F11:F14) -> 127 | H15: =SUM(H11:H14) -> 129
A19: Adultes gratuits (AR, encadrement mat, invité mat) et payants (enseignant, parent élu) : parts individuelles
A21: Adultes | B21: Lundi | D21: Mardi | F21: Jeudi | H21: Vendredi
A22: Standard | B22: =Lundi!B20+Lundi!B26 -> 10 | D22: =Mardi!B20+Mardi!B26 -> 8 | F22: =Jeudi!B20+Jeudi!B27 -> 9 | H22: =Vendredi!B20+Vendredi!B27 -> 8
A23: Sans porc | B23: =Lundi!C20+Lundi!C26 -> 0 | D23: =Mardi!C20+Mardi!C26 -> 0 | F23: =Jeudi!C20+Jeudi!C27 -> 0 | H23: =Vendredi!C20+Vendredi!C27 -> 0
A24: Végétarien | B24: =Lundi!D20+Lundi!D26 -> 3 | D24: =Mardi!D20+Mardi!D26 -> 4 | F24: =Jeudi!D20+Jeudi!D27 -> 4 | H24: =Vendredi!D20+Vendredi!D27 -> 3
A25: Halal | B25: =Lundi!E20+Lundi!E26 -> 4 | D25: =Mardi!E20+Mardi!E26 -> 4 | F25: =Jeudi!E20+Jeudi!E27 -> 4 | H25: =Vendredi!E20+Vendredi!E27 -> 5
A26: Total | B26: =SUM(B22:B25) -> 17 | D26: =SUM(D22:D25) -> 16 | F26: =SUM(F22:F25) -> 17 | H26: =SUM(H22:H25) -> 16

Sheet Suivi facturation
A1: Suivi facturation - Livrepas | K1: Types de menus
K2: 4
K3: 3
A4: RESTAURANT SCOLAIRE : | D4: =IF('Commande ADR'!D3:I3="","",'Commande ADR'!D3:I3) -> Camille Claus | K4: 2
A5: NOM de l'agent : | D5: =IF('Commande ADR'!D4:I4="","",'Commande ADR'!D4:I4) -> KAVAY William | K5: 1
A6: Période : semaine du | D6: 43387 | F6: au | G6: 43756
A8: Légende :
A9: 1 | B9: Menu unique pour tous (standard)
A10: 2 | B10: Menus Standard + Végé (Halal + Sans Porc identiques au Standard)
A11: 3 | B11: Menus Standard + Halal + Végé (Sans Porc identique au Standard)
A12: 4 | B12: Menus Standard + Sans porc + Halal + Végé
A14: Jours | B14: Lundi | D14: Mardi | F14: Jeudi | H14: Vendredi
A15: Menus | B15: 3 | D15: 1 | F15: 2 | H15: 4
A18: Maternelle Claus
A20: Enfants | B20: Lundi | D20: Mardi | F20: Jeudi | H20: Vendredi
A21: Standard | B21: =IF(B15=$K$2,'Commande ADR'!B11:C11,IF('Suivi facturation'!B15='Suivi facturation'!$K$3,'Commande ADR'!B11:C11+'Commande ADR'!B12:C12,IF('Suivi facturation'!B15=$K$4,'Commande ADR'!B11:C11+'Commande ADR'!B12:C12+'Commande ADR'!B14:C14,IF('Suivi facturation'!B15='Suivi facturation'!$K$5,'Commande ADR'!B11:C11+'Commande ADR'!B12:C12+'Commande ADR'!B13:C13+'Commande ADR'!B14:C14,0)))) -> 64 | D21: =IF(D15=$K$2,'Commande ADR'!D11:E11,IF('Suivi facturation'!D15='Suivi facturation'!$K$3,'Commande ADR'!D11:E11+'Commande ADR'!D12:E12,IF('Suivi facturation'!D15=$K$4,'Commande ADR'!D11:E11+'Commande ADR'!D12:E12+'Commande ADR'!D14:E14,IF('Suivi facturation'!D15='Suivi facturation'!$K$5,'Commande ADR'!D11:E11+'Commande ADR'!D12:E12+'Commande ADR'!D13:E13+'Commande ADR'!D14:E14,0)))) -> 128 | F21: =IF(F15=$K$2,'Commande ADR'!F11:G11,IF('Suivi facturation'!F15='Suivi facturation'!$K$3,'Commande ADR'!F11:G11+'Commande ADR'!F12:G12,IF('Suivi facturation'!F15=$K$4,'Commande ADR'!F11:G11+'Commande ADR'!F12:G12+'Commande ADR'!F14:G14,IF('Suivi facturation'!F15='Suivi facturation'!$K$5,'Commande ADR'!F11:G11+'Commande ADR'!F12:G12+'Commande ADR'!F13:G13+'Commande ADR'!F14:G14,0)))) -> 123 | H21: =IF(H15=$K$2,'Commande ADR'!H11:I11,IF('Suivi facturation'!H15='Suivi facturation'!$K$3,'Commande ADR'!H11:I11+'Commande ADR'!H12:I12,IF('Suivi facturation'!H15=$K$4,'Commande ADR'!H11:I11+'Commande ADR'!H12:I12+'Commande ADR'!H14:I14,IF('Suivi facturation'!H15='Suivi facturation'!$K$5,'Commande ADR'!H11:I11+'Commande ADR'!H12:I12+'Commande ADR'!H13:I13+'Commande ADR'!H14:I14,0)))) -> 52
A22: Sans porc | B22: =IF(B15=$K$2,'Commande ADR'!B12:C12,0) -> 0 | D22: =IF(D15=$K$2,'Commande ADR'!D12:E12,0) -> 0 | F22: =IF(F15=$K$2,'Commande ADR'!F12:G12,0) -> 0 | H22: =IF(H15=$K$2,'Commande ADR'!H12:I12,0) -> 17
A23: Végétarien | B23: =IF(B15=$K$5,0,'Commande ADR'!B13:C13) -> 4 | D23: =IF(D15=$K$5,0,'Commande ADR'!D13:E13) -> 0 | F23: =IF(F15=$K$5,0,'Commande ADR'!F13:G13) -> 4 | H23: =IF(H15=$K$5,0,'Commande ADR'!H13:I13) -> 2
A24: Halal | B24: =IF(B15=$K$2,'Commande ADR'!B14:C14,IF(B15=$K$3,'Commande ADR'!B14:C14,0)) -> 57 | D24: =IF(D15=$K$2,'Commande ADR'!D14:E14,IF(D15=$K$3,'Commande ADR'!D14:E14,0)) -> 0 | F24: =IF(F15=$K$2,'Commande ADR'!F14:G14,IF(F15=$K$3,'Commande ADR'!F14:G14,0)) -> 0 | H24: =IF(H15=$K$2,'Commande ADR'!H14:I14,IF(H15=$K$3,'Commande ADR'!H14:I14,0)) -> 58
A25: Total | B25: =SUM(B21:B24) -> 125 | D25: =SUM(D21:D24) -> 128 | F25: =SUM(F21:F24) -> 127 | H25: =SUM(H21:H24) -> 129
A27: Adultes gratuits (AR, encadrement mat, invité mat) et payants (enseignant, parent élu) : parts individuelles
A29: Adultes | B29: Lundi | D29: Mardi | F29: Jeudi | H29: Vendredi
A30: Standard | B30: =IF(B15=$K$2,'Commande ADR'!B22:C22,IF(B15=$K$3,'Commande ADR'!B22:C22+'Commande ADR'!B23:C23,IF(B15=$K$4,'Commande ADR'!B22:C22+'Commande ADR'!B23:C23+'Commande ADR'!B25:C25,IF(B15=$K$5,'Commande ADR'!B22:C22+'Commande ADR'!B23:C23+'Commande ADR'!B24:C24+'Commande ADR'!B25:C25,0)))) -> 10 | D30: =IF(D15=$K$2,'Commande ADR'!D22:E22,IF(D15=$K$3,'Commande ADR'!D22:E22+'Commande ADR'!D23:E23,IF(D15=$K$4,'Commande ADR'!D22:E22+'Commande ADR'!D23:E23+'Commande ADR'!D25:E25,IF(D15=$K$5,'Commande ADR'!D22:E22+'Commande ADR'!D23:E23+'Commande ADR'!D24:E24+'Commande ADR'!D25:E25,0)))) -> 16 | F30: =IF(F15=$K$2,'Commande ADR'!F22:G22,IF(F15=$K$3,'Commande ADR'!F22:G22+'Commande ADR'!F23:G23,IF(F15=$K$4,'Commande ADR'!F22:G22+'Commande ADR'!F23:G23+'Commande ADR'!F25:G25,IF(F15=$K$5,'Commande ADR'!F22:G22+'Commande ADR'!F23:G23+'Commande ADR'!F24:G24+'Commande ADR'!F25:G25,0)))) -> 13 | H30: =IF(H15=$K$2,'Commande ADR'!H22:I22,IF(H15=$K$3,'Commande ADR'!H22:I22+'Commande ADR'!H23:I23,IF(H15=$K$4,'Commande ADR'!H22:I22+'Commande ADR'!H23:I23+'Commande ADR'!H25:I25,IF(H15=$K$5,'Commande ADR'!H22:I22+'Commande ADR'!H23:I23+'Commande ADR'!H24:I24+'Commande ADR'!H25:I25,0)))) -> 8
A31: Sans porc | B31: =IF(B15=$K$2,'Commande ADR'!B23:C23,0) -> 0 | D31: =IF(D15=$K$2,'Commande ADR'!D23:E23,0) -> 0 | F31: =IF(F15=$K$2,'Commande ADR'!F23:G23,0) -> 0 | H31: =IF(H15=$K$2,'Commande ADR'!H23:I23,0) -> 0
A32: Végétarien | B32: =IF(B15=$K$5,0,'Commande ADR'!B24:C24) -> 3 | D32: =IF(D15=$K$5,0,'Commande ADR'!D24:E24) -> 0 | F32: =IF(F15=$K$5,0,'Commande ADR'!F24:G24) -> 4 | H32: =IF(H15=$K$5,0,'Commande ADR'!H24:I24) -> 3
A33: Halal | B33: =IF(B15=$K$2,'Commande ADR'!B25:C25,IF(B15=$K$3,'Commande ADR'!B25:C25,0)) -> 4 | D33: =IF(D15=$K$2,'Commande ADR'!D25:E25,IF(D15=$K$3,'Commande ADR'!D25:E25,0)) -> 0 | F33: =IF(F15=$K$2,'Commande ADR'!F25:G25,IF(F15=$K$3,'Commande ADR'!F25:G25,0)) -> 0 | H33: =IF(H15=$K$2,'Commande ADR'!H25:I25,IF(H15=$K$3,'Commande ADR'!H25:I25,0)) -> 5
A34: Total | B34: =SUM(B30:C33) -> 17 | D34: =SUM(D30:E33) -> 16 | F34: =SUM(F30:G33) -> 17 | H34: =SUM(H30:I33) -> 16
